timestamp,type,source_ip,source_port,destination_ip,destination_port,protocol,packet_size
1669869783.815093,IP,172.16.42.215,39705,3.221.46.196,443,6,33
1669869783.879812,IP,3.221.46.196,443,172.16.42.215,39705,6,0
1669869783.880365,IP,3.221.46.196,443,172.16.42.215,39705,6,31
1669869783.883405,IP,172.16.42.215,39705,3.221.46.196,443,6,0
1669869784.224209,IP,172.16.42.226,53092,172.16.42.1,1471,6,0
1669869785.098817,IP,162.159.134.234,443,172.16.42.226,60486,6,214
1669869785.607763,IP,172.16.42.226,60486,162.159.134.234,443,6,0
1669869786.06799,IP,162.159.134.234,443,172.16.42.226,60486,6,315
1669869786.363103,IP,172.16.42.226,34532,142.251.116.100,80,6,112
1669869786.365795,IP,172.16.42.226,60486,162.159.134.234,443,6,0
1669869786.400091,IP,142.251.116.100,80,172.16.42.226,34532,6,127
1669869786.401138,IP,172.16.42.226,34532,142.251.116.100,80,6,0
1669869788.159874,IP,172.16.42.226,53092,172.16.42.1,1471,6,1088
1669869788.160111,IP,172.16.42.1,1471,172.16.42.226,53092,6,0
1669869788.221951,IP,172.16.42.226,59718,172.16.42.1,1471,6,1095
1669869788.222244,IP,172.16.42.1,1471,172.16.42.226,59718,6,0
1669869788.22611,IP,172.16.42.1,1471,172.16.42.226,59718,6,139
1669869788.230936,IP,172.16.42.226,59718,172.16.42.1,1471,6,0
1669869788.241163,IP,172.16.42.1,1471,172.16.42.226,53092,6,390
1669869788.241954,IP,172.16.42.226,53092,172.16.42.1,1471,6,0
1669869789.214403,IP,172.16.42.226,53092,172.16.42.1,1471,6,1270
1669869789.214637,IP,172.16.42.1,1471,172.16.42.226,53092,6,0
1669869789.47899,IP,172.16.42.1,1471,172.16.42.226,53092,6,208
1669869789.908547,IP,172.16.42.226,53092,172.16.42.1,1471,6,0
1669869789.929363,IP,172.16.42.226,53092,172.16.42.1,1471,6,1229
1669869789.929585,IP,172.16.42.1,1471,172.16.42.226,53092,6,0
1669869790.666052,IP,172.16.42.1,1471,172.16.42.226,53092,6,285
1669869791.006025,IP,172.16.42.226,34356,35.186.224.47,443,6,43
1669869791.012775,IP,35.186.224.47,443,172.16.42.226,34356,6,0
1669869791.058076,IP,35.186.224.47,443,172.16.42.226,34356,6,40
1669869791.075848,IP,172.16.42.226,53092,172.16.42.1,1471,6,0
1669869791.078884,IP,162.159.134.234,443,172.16.42.226,60486,6,284
1669869791.080254,IP,172.16.42.226,34356,35.186.224.47,443,6,0
1669869791.080255,IP,172.16.42.226,60486,162.159.134.234,443,6,0
1669869791.590391,IP,162.159.134.234,443,172.16.42.226,60486,6,620
1669869791.963293,IP,172.16.42.226,60486,162.159.134.234,443,6,0
1669869792.139142,IP,162.159.134.234,443,172.16.42.226,60486,6,418
1669869792.141064,IP,172.16.42.226,60486,162.159.134.234,443,6,0
1669869792.317329,IP,162.159.134.234,443,172.16.42.226,60486,6,239
1669869792.389876,IP,162.159.134.234,443,172.16.42.226,60486,6,338
1669869792.775888,IP,172.16.42.226,60486,162.159.134.234,443,6,0
1669869792.776277,IP,172.16.42.226,60486,162.159.134.234,443,6,0
1669869793.193591,IP,172.16.42.226,45480,35.244.218.227,443,6,0
1669869793.204872,IP,35.244.218.227,443,172.16.42.226,45480,6,0
1669869793.22769,IP,172.16.42.226,53092,172.16.42.1,1471,6,1095
1669869793.227927,IP,172.16.42.1,1471,172.16.42.226,53092,6,0
1669869793.229808,IP,172.16.42.226,59718,172.16.42.1,1471,6,1088
1669869793.233014,IP,172.16.42.1,1471,172.16.42.226,53092,6,139
1669869793.233834,IP,172.16.42.226,53092,172.16.42.1,1471,6,0
1669869793.2703,IP,172.16.42.1,1471,172.16.42.226,59718,6,0
1669869793.303296,IP,162.159.134.234,443,172.16.42.226,60486,6,68
1669869793.305915,IP,172.16.42.226,60486,162.159.134.234,443,6,0
1669869793.314433,IP,172.16.42.1,1471,172.16.42.226,59718,6,390
1669869793.315349,IP,172.16.42.226,59718,172.16.42.1,1471,6,0
1669869793.438285,IP,172.16.42.1,1471,172.16.42.226,43124,6,0
1669869793.438411,IP,172.16.42.1,1471,172.16.42.226,37722,6,0
1669869793.704595,IP,172.16.42.226,60646,44.240.84.205,443,6,113
1669869793.704596,IP,172.16.42.226,60646,44.240.84.205,443,6,460
1669869793.704596,IP,172.16.42.226,37722,172.16.42.1,1471,6,0
1669869793.704596,IP,172.16.42.226,43124,172.16.42.1,1471,6,0
1669869793.744726,IP,44.240.84.205,443,172.16.42.226,60646,6,0
1669869793.745228,IP,44.240.84.205,443,172.16.42.226,60646,6,0
1669869793.745409,IP,44.240.84.205,443,172.16.42.226,60646,6,46
1669869793.761882,IP,44.240.84.205,443,172.16.42.226,60646,6,575
1669869793.762631,IP,44.240.84.205,443,172.16.42.226,60646,6,38
1669869793.763721,IP,172.16.42.226,60646,44.240.84.205,443,6,0
1669869793.771268,IP,172.16.42.226,60646,44.240.84.205,443,6,42
1669869793.852098,IP,44.240.84.205,443,172.16.42.226,60646,6,0
1669869793.864548,IP,162.159.134.234,443,172.16.42.226,60486,6,133
1669869793.86538,IP,172.16.42.226,60486,162.159.134.234,443,6,0
1669869794.209247,IP,172.16.42.226,59718,172.16.42.1,1471,6,1270
1669869794.209483,IP,172.16.42.1,1471,172.16.42.226,59718,6,0
1669869794.4949,IP,172.16.42.1,1471,172.16.42.226,59718,6,208
1669869794.585993,IP,162.159.134.234,443,172.16.42.226,60486,6,80
1669869794.762288,IP,162.159.134.234,443,172.16.42.226,60486,6,53
1669869795.054941,IP,172.16.42.226,59718,172.16.42.1,1471,6,0
1669869795.054942,IP,172.16.42.226,60486,162.159.134.234,443,6,0
1669869795.054943,IP,172.16.42.226,60486,162.159.134.234,443,6,0
1669869795.063297,IP,172.16.42.226,59718,172.16.42.1,1471,6,1229
1669869795.063618,IP,172.16.42.1,1471,172.16.42.226,59718,6,0
1669869795.09849,IP,162.159.134.234,443,172.16.42.226,60486,6,58
1669869795.099599,IP,172.16.42.226,60486,162.159.134.234,443,6,0
1669869795.491821,IP,162.159.134.234,443,172.16.42.226,60486,6,43
1669869795.685678,IP,162.159.134.234,443,172.16.42.226,60486,6,149
1669869795.846293,IP,172.16.42.1,1471,172.16.42.226,59718,6,325
1669869795.856099,IP,172.16.42.226,60486,162.159.134.234,443,6,0
1669869795.856101,IP,172.16.42.226,60486,162.159.134.234,443,6,0
1669869795.904324,IP,172.16.42.226,59718,172.16.42.1,1471,6,0
1669869798.150525,IP,172.16.42.226,59718,172.16.42.1,1471,6,1088
1669869798.150783,IP,172.16.42.1,1471,172.16.42.226,59718,6,0
1669869798.208603,IP,172.16.42.1,1471,172.16.42.226,59718,6,390
1669869798.209518,IP,172.16.42.226,59718,172.16.42.1,1471,6,0
1669869798.219834,IP,172.16.42.226,59718,172.16.42.1,1471,6,1095
1669869798.220061,IP,172.16.42.1,1471,172.16.42.226,59718,6,0
1669869798.224098,IP,172.16.42.1,1471,172.16.42.226,59718,6,139
1669869798.272627,IP,172.16.42.226,59718,172.16.42.1,1471,6,0
1669869798.515235,IP,162.159.134.234,443,172.16.42.226,60486,6,163
1669869798.925771,IP,172.16.42.226,60486,162.159.134.234,443,6,0
1669869799.205817,IP,172.16.42.226,59718,172.16.42.1,1471,6,1270
1669869799.206055,IP,172.16.42.1,1471,172.16.42.226,59718,6,0
1669869799.420508,IP,162.159.134.234,443,172.16.42.226,60486,6,1441
1669869799.421108,IP,162.159.134.234,443,172.16.42.226,60486,6,1441
1669869799.421351,IP,162.159.134.234,443,172.16.42.226,60486,6,266
1669869799.484653,IP,172.16.42.1,1471,172.16.42.226,59718,6,208
1669869799.944191,IP,172.16.42.226,59718,172.16.42.1,1471,6,0
1669869799.944192,IP,172.16.42.226,60486,162.159.134.234,443,6,0
1669869799.953553,IP,172.16.42.226,59718,172.16.42.1,1471,6,1229
1669869799.953776,IP,172.16.42.1,1471,172.16.42.226,59718,6,0
1669869800.070764,IP,162.159.134.234,443,172.16.42.226,60486,6,88
1669869800.154777,IP,172.16.42.226,60486,162.159.134.234,443,6,0
1669869800.792221,IP,172.16.42.1,1471,172.16.42.226,59718,6,365
1669869801.22039,IP,172.16.42.226,59718,172.16.42.1,1471,6,0
1669869803.149249,IP,162.159.134.234,443,172.16.42.226,60486,6,94
1669869803.223048,IP,172.16.42.226,59718,172.16.42.1,1471,6,1095
1669869803.22328,IP,172.16.42.1,1471,172.16.42.226,59718,6,0
1669869803.224576,IP,172.16.42.226,60486,162.159.134.234,443,6,0
1669869803.228148,IP,172.16.42.1,1471,172.16.42.226,59718,6,139
1669869803.228903,IP,172.16.42.226,59718,172.16.42.1,1471,6,0
1669869804.221817,IP,172.16.42.226,59718,172.16.42.1,1471,6,1270
1669869804.222054,IP,172.16.42.1,1471,172.16.42.226,59718,6,0
1669869804.511998,IP,172.16.42.1,1471,172.16.42.226,59718,6,208
1669869804.858906,IP,172.16.42.226,59718,172.16.42.1,1471,6,0
1669869804.878353,IP,172.16.42.226,59718,172.16.42.1,1471,6,1229
1669869804.878578,IP,172.16.42.1,1471,172.16.42.226,59718,6,0
1669869805.435381,IP,172.16.42.1,1471,172.16.42.226,59718,6,410
1669869805.77501,IP,162.159.134.234,443,172.16.42.226,60486,6,256
1669869805.792028,IP,172.16.42.226,60486,162.159.134.234,443,6,0
1669869805.806627,IP,162.159.134.234,443,172.16.42.226,60486,6,50
1669869805.8461,IP,172.16.42.226,59718,172.16.42.1,1471,6,0
1669869805.846805,IP,172.16.42.226,60486,162.159.134.234,443,6,0
1669869805.868782,IP,162.159.134.234,443,172.16.42.226,60486,6,166
1669869805.869703,IP,172.16.42.226,60486,162.159.134.234,443,6,0
1669869806.539911,IP,162.159.134.234,443,172.16.42.226,60486,6,157
1669869806.896563,IP,162.159.134.234,443,172.16.42.226,60486,6,175
1669869807.022912,IP,172.16.42.226,60486,162.159.134.234,443,6,0
1669869807.022913,IP,172.16.42.226,60486,162.159.134.234,443,6,0
1669869807.803477,IP,162.159.134.234,443,172.16.42.226,60486,6,484
1669869808.15478,IP,172.16.42.226,59718,172.16.42.1,1471,6,1088
1669869808.155015,IP,172.16.42.1,1471,172.16.42.226,59718,6,0
1669869808.158523,IP,172.16.42.226,60486,162.159.134.234,443,6,0
1669869808.223197,IP,172.16.42.226,53092,172.16.42.1,1471,6,1095
1669869808.2326,IP,172.16.42.1,1471,172.16.42.226,53092,6,139
1669869808.233497,IP,172.16.42.226,53092,172.16.42.1,1471,6,0
1669869808.247423,IP,172.16.42.1,1471,172.16.42.226,59718,6,390
1669869808.248217,IP,172.16.42.226,59718,172.16.42.1,1471,6,0
1669869808.248651,IP,172.16.42.226,53092,172.16.42.1,1471,6,1088
1669869808.294308,IP,172.16.42.1,1471,172.16.42.226,53092,6,0
1669869808.296015,IP,172.16.42.226,45480,35.244.218.227,443,6,0
1669869808.319353,IP,35.244.218.227,443,172.16.42.226,45480,6,0
1669869808.34673,IP,172.16.42.1,1471,172.16.42.226,53092,6,390
1669869808.396,IP,172.16.42.226,53092,172.16.42.1,1471,6,0
1669869808.706285,IP,172.16.42.1,1471,172.16.42.226,43124,6,0
1669869808.706413,IP,172.16.42.1,1471,172.16.42.226,37722,6,0
1669869809.159977,IP,172.16.42.226,37722,172.16.42.1,1471,6,0
1669869809.159978,IP,172.16.42.226,43124,172.16.42.1,1471,6,0
1669869809.214076,IP,172.16.42.226,53092,172.16.42.1,1471,6,1270
1669869809.214366,IP,172.16.42.1,1471,172.16.42.226,53092,6,0
1669869809.490388,IP,162.159.134.234,443,172.16.42.226,60486,6,129
1669869809.492313,IP,172.16.42.226,60486,162.159.134.234,443,6,0
1669869809.535963,IP,172.16.42.1,1471,172.16.42.226,53092,6,208
1669869809.542707,IP,172.16.42.226,53092,172.16.42.1,1471,6,0
1669869809.551183,IP,172.16.42.226,53092,172.16.42.1,1471,6,1229
1669869809.551398,IP,172.16.42.1,1471,172.16.42.226,53092,6,0
1669869810.796455,IP,172.16.42.1,1471,172.16.42.226,53092,6,446
1669869811.258053,IP,172.16.42.226,53092,172.16.42.1,1471,6,0
1669869811.271404,IP,162.159.134.234,443,172.16.42.226,60486,6,148
1669869811.274019,IP,172.16.42.226,60486,162.159.134.234,443,6,0
1669869811.66765,IP,162.159.134.234,443,172.16.42.226,60486,6,90
1669869811.751196,IP,104.26.4.215,443,172.16.42.226,53022,6,39
1669869811.751677,IP,104.26.4.215,443,172.16.42.226,53022,6,24
1669869811.809931,IP,104.26.4.215,443,172.16.42.226,53022,6,24
1669869811.947324,IP,162.159.134.234,443,172.16.42.226,60486,6,128
1669869812.027177,IP,172.16.42.226,60486,162.159.134.234,443,6,0
1669869812.02763,IP,172.16.42.226,60486,162.159.134.234,443,6,0
1669869812.027632,IP,172.16.42.226,53022,104.26.4.215,443,6,0
1669869812.027632,IP,172.16.42.226,53022,104.26.4.215,443,6,0
1669869812.040269,IP,104.26.4.215,443,172.16.42.226,53022,6,0
1669869812.649594,IP,172.16.42.226,44720,13.66.138.105,443,6,0
1669869812.707923,IP,13.66.138.105,443,172.16.42.226,44720,6,0
1669869813.227068,IP,172.16.42.226,53092,172.16.42.1,1471,6,1095
1669869813.227302,IP,172.16.42.1,1471,172.16.42.226,53092,6,0
1669869813.232315,IP,172.16.42.1,1471,172.16.42.226,53092,6,139
1669869813.234763,IP,172.16.42.226,53092,172.16.42.1,1471,6,0
1669869813.325545,IP,99.83.183.187,443,172.16.42.215,38168,6,46
1669869813.3269,IP,172.16.42.215,38168,99.83.183.187,443,6,46
1669869813.402677,IP,99.83.183.187,443,172.16.42.215,38168,6,0
1669869814.071039,IP,162.159.134.234,443,172.16.42.226,60486,6,197
1669869814.223553,IP,172.16.42.226,53092,172.16.42.1,1471,6,1270
1669869814.223791,IP,172.16.42.1,1471,172.16.42.226,53092,6,0
1669869814.224963,IP,172.16.42.226,60486,162.159.134.234,443,6,0
1669869814.503159,IP,172.16.42.1,1471,172.16.42.226,53092,6,208
1669869814.510753,IP,172.16.42.226,53092,172.16.42.1,1471,6,0
1669869814.525161,IP,172.16.42.226,53092,172.16.42.1,1471,6,1229
1669869814.525377,IP,172.16.42.1,1471,172.16.42.226,53092,6,0
1669869815.620555,IP,172.16.42.1,1471,172.16.42.226,53092,6,491
1669869816.163983,IP,172.16.42.226,53092,172.16.42.1,1471,6,0
1669869816.513181,IP,162.159.134.234,443,172.16.42.226,60486,6,120
1669869816.722289,IP,172.16.42.226,60486,162.159.134.234,443,6,54
1669869816.723289,IP,172.16.42.226,60486,162.159.134.234,443,6,0
1669869816.729888,IP,162.159.134.234,443,172.16.42.226,60486,6,0
1669869816.743999,IP,172.16.42.226,34532,142.251.116.100,80,6,0
1669869816.78312,IP,142.251.116.100,80,172.16.42.226,34532,6,0
1669869816.795791,IP,162.159.134.234,443,172.16.42.226,60486,6,46
1669869816.800711,IP,172.16.42.226,60486,162.159.134.234,443,6,0
1669869818.10916,IP,162.159.134.234,443,172.16.42.226,60486,6,208
1669869818.153855,IP,172.16.42.226,53092,172.16.42.1,1471,6,1088
1669869818.154089,IP,172.16.42.1,1471,172.16.42.226,53092,6,0
1669869818.157786,IP,172.16.42.226,60486,162.159.134.234,443,6,0
1669869818.226511,IP,172.16.42.226,59718,172.16.42.1,1471,6,1095
1669869818.226743,IP,172.16.42.1,1471,172.16.42.226,59718,6,0
1669869818.231523,IP,172.16.42.1,1471,172.16.42.226,59718,6,139
1669869818.233716,IP,172.16.42.226,59718,172.16.42.1,1471,6,0
1669869818.238738,IP,172.16.42.1,1471,172.16.42.226,53092,6,390
1669869818.240541,IP,172.16.42.226,53092,172.16.42.1,1471,6,0
1669869819.224282,IP,172.16.42.226,53092,172.16.42.1,1471,6,1270
1669869819.22452,IP,172.16.42.1,1471,172.16.42.226,53092,6,0
1669869819.328384,IP,162.159.134.234,443,172.16.42.226,60486,6,74
1669869819.474533,IP,172.16.42.1,1471,172.16.42.226,53092,6,208
1669869819.573414,IP,162.159.134.234,443,172.16.42.226,60486,6,72
1669869819.815375,IP,172.16.42.226,60486,162.159.134.234,443,6,0
1669869819.815377,IP,172.16.42.226,53092,172.16.42.1,1471,6,0
1669869819.815377,IP,172.16.42.226,60486,162.159.134.234,443,6,0
1669869819.826299,IP,172.16.42.226,53092,172.16.42.1,1471,6,1229
1669869819.826532,IP,172.16.42.1,1471,172.16.42.226,53092,6,0
1669869820.349573,IP,172.16.42.226,36546,172.16.42.1,53,17,47
1669869820.359538,IP,172.16.42.1,53,172.16.42.226,36546,17,111
1669869820.364506,IP,172.16.42.226,53816,13.226.237.184,443,6,0
1669869820.375091,IP,13.226.237.184,443,172.16.42.226,53816,6,0
1669869820.375955,IP,172.16.42.226,53816,13.226.237.184,443,6,0
1669869820.376496,IP,172.16.42.226,53816,13.226.237.184,443,6,517
1669869820.387411,IP,13.226.237.184,443,172.16.42.226,53816,6,0
1669869820.387969,IP,13.226.237.184,443,172.16.42.226,53816,6,234
1669869820.388886,IP,172.16.42.226,53816,13.226.237.184,443,6,0
1669869820.389735,IP,172.16.42.226,53816,13.226.237.184,443,6,64
1669869820.389736,IP,172.16.42.226,53816,13.226.237.184,443,6,98
1669869820.390377,IP,172.16.42.226,53816,13.226.237.184,443,6,301
1669869820.396052,IP,13.226.237.184,443,172.16.42.226,53816,6,0
1669869820.396667,IP,13.226.237.184,443,172.16.42.226,53816,6,146
1669869820.396912,IP,13.226.237.184,443,172.16.42.226,53816,6,0
1669869820.397106,IP,13.226.237.184,443,172.16.42.226,53816,6,71
1669869820.397283,IP,13.226.237.184,443,172.16.42.226,53816,6,0
1669869820.398415,IP,172.16.42.226,53816,13.226.237.184,443,6,0
1669869820.398899,IP,172.16.42.226,53816,13.226.237.184,443,6,31
1669869820.415984,IP,13.226.237.184,443,172.16.42.226,53816,6,338
1669869820.419068,IP,172.16.42.226,53816,13.226.237.184,443,6,35
1669869820.455018,IP,13.226.237.184,443,172.16.42.226,53816,6,338
1669869820.46166,IP,13.226.237.184,443,172.16.42.226,53816,6,0
1669869820.462319,IP,13.226.237.184,443,172.16.42.226,53816,6,0
1669869820.541158,IP,172.16.42.226,53816,13.226.237.184,443,6,35
1669869820.549216,IP,13.226.237.184,443,172.16.42.226,53816,6,0
1669869820.563838,IP,172.16.42.1,1471,172.16.42.226,53092,6,545
1669869820.721646,IP,172.16.42.226,53092,172.16.42.1,1471,6,0
1669869820.88449,IP,172.16.42.226,38806,40.64.128.224,443,6,0
1669869820.921269,IP,40.64.128.224,443,172.16.42.226,38806,6,0
1669869821.023629,IP,172.16.42.226,34356,35.186.224.47,443,6,43
1669869821.029825,IP,35.186.224.47,443,172.16.42.226,34356,6,0
1669869821.075405,IP,35.186.224.47,443,172.16.42.226,34356,6,40
1669869821.09287,IP,172.16.42.226,34356,35.186.224.47,443,6,0
1669869821.465428,IP,162.159.134.234,443,172.16.42.226,60486,6,120
1669869821.858983,IP,172.16.42.226,60486,162.159.134.234,443,6,0
1669869823.224597,IP,172.16.42.226,53092,172.16.42.1,1471,6,1095
1669869823.224832,IP,172.16.42.1,1471,172.16.42.226,53092,6,0
1669869823.226801,IP,172.16.42.226,59718,172.16.42.1,1471,6,1088
1669869823.231052,IP,172.16.42.1,1471,172.16.42.226,53092,6,139
1669869823.234288,IP,172.16.42.226,53092,172.16.42.1,1471,6,0
1669869823.270305,IP,172.16.42.1,1471,172.16.42.226,59718,6,0
1669869823.305039,IP,172.16.42.1,1471,172.16.42.226,59718,6,390
1669869823.309027,IP,172.16.42.226,59718,172.16.42.1,1471,6,0
1669869823.400011,IP,172.16.42.226,37722,172.16.42.1,1471,6,0
1669869823.400207,IP,172.16.42.1,1471,172.16.42.226,37722,6,0
1669869823.400536,IP,172.16.42.226,45480,35.244.218.227,443,6,0
1669869823.426661,IP,35.244.218.227,443,172.16.42.226,45480,6,0
1669869823.786534,IP,172.16.42.226,60646,44.240.84.205,443,6,113
1669869823.786535,IP,172.16.42.226,60646,44.240.84.205,443,6,460
1669869823.833029,IP,44.240.84.205,443,172.16.42.226,60646,6,0
1669869823.833599,IP,44.240.84.205,443,172.16.42.226,60646,6,0
1669869823.833808,IP,44.240.84.205,443,172.16.42.226,60646,6,46
1669869823.836849,IP,44.240.84.205,443,172.16.42.226,60646,6,576
1669869823.837504,IP,44.240.84.205,443,172.16.42.226,60646,6,38
1669869823.841705,IP,172.16.42.226,60646,44.240.84.205,443,6,0
1669869823.841706,IP,172.16.42.226,60646,44.240.84.205,443,6,42
1669869823.93208,IP,44.240.84.205,443,172.16.42.226,60646,6,0
1669869824.19028,IP,172.16.42.1,1471,172.16.42.226,43124,6,0
1669869824.190408,IP,172.16.42.1,1471,172.16.42.226,37722,6,0
1669869824.211383,IP,172.16.42.226,59718,172.16.42.1,1471,6,1270
1669869824.211619,IP,172.16.42.1,1471,172.16.42.226,59718,6,0
1669869824.213119,IP,172.16.42.226,37722,172.16.42.1,1471,6,0
1669869824.21312,IP,172.16.42.226,43124,172.16.42.1,1471,6,0
1669869824.435043,IP,162.159.134.234,443,172.16.42.226,60486,6,62
1669869824.506836,IP,172.16.42.1,1471,172.16.42.226,59718,6,208
1669869824.930641,IP,172.16.42.226,60486,162.159.134.234,443,6,0
1669869824.930643,IP,172.16.42.226,59718,172.16.42.1,1471,6,0
1669869824.94115,IP,172.16.42.226,43124,172.16.42.1,1471,6,0
1669869824.941344,IP,172.16.42.1,1471,172.16.42.226,43124,6,0
1669869824.94672,IP,172.16.42.226,59718,172.16.42.1,1471,6,1229
1669869824.94696,IP,172.16.42.1,1471,172.16.42.226,59718,6,0
1669869825.422798,IP,162.159.134.234,443,172.16.42.226,60486,6,56
1669869825.423324,IP,162.159.134.234,443,172.16.42.226,60486,6,42
1669869825.514449,IP,162.159.134.234,443,172.16.42.226,60486,6,314
1669869825.659,IP,172.16.42.1,1471,172.16.42.226,59718,6,590
1669869825.955019,IP,172.16.42.226,60486,162.159.134.234,443,6,0
1669869825.955021,IP,172.16.42.226,60486,162.159.134.234,443,6,0
1669869825.958463,IP,172.16.42.226,60486,162.159.134.234,443,6,0
1669869826.000071,IP,172.16.42.226,59718,172.16.42.1,1471,6,0
1669869827.721801,IP,162.159.134.234,443,172.16.42.226,60486,6,50
1669869828.144291,IP,172.16.42.226,59718,172.16.42.1,1471,6,1088
1669869828.144528,IP,172.16.42.1,1471,172.16.42.226,59718,6,0
1669869828.145895,IP,172.16.42.226,60486,162.159.134.234,443,6,0
1669869828.221536,IP,172.16.42.1,1471,172.16.42.226,59718,6,390
1669869828.224105,IP,172.16.42.226,59718,172.16.42.1,1471,6,0
1669869828.22645,IP,172.16.42.226,53092,172.16.42.1,1471,6,1095
1669869828.22667,IP,172.16.42.1,1471,172.16.42.226,53092,6,0
1669869828.232133,IP,172.16.42.1,1471,172.16.42.226,53092,6,139
1669869828.232903,IP,172.16.42.226,53092,172.16.42.1,1471,6,0
1669869828.704181,IP,162.159.134.234,443,172.16.42.226,60486,6,147
1669869829.217496,IP,172.16.42.226,53092,172.16.42.1,1471,6,1270
1669869829.218963,IP,172.16.42.226,60486,162.159.134.234,443,6,0
1669869829.258355,IP,172.16.42.1,1471,172.16.42.226,53092,6,0
1669869829.50324,IP,172.16.42.1,1471,172.16.42.226,53092,6,208
1669869829.511083,IP,172.16.42.226,53092,172.16.42.1,1471,6,0
1669869829.51484,IP,172.16.42.226,53092,172.16.42.1,1471,6,1229
1669869829.515054,IP,172.16.42.1,1471,172.16.42.226,53092,6,0
1669869830.174099,IP,172.16.42.1,1471,172.16.42.226,53092,6,626
1669869830.712024,IP,172.16.42.226,53092,172.16.42.1,1471,6,0
1669869831.874023,IP,172.16.42.226,46307,52.10.183.132,123,17,228
1669869831.912415,IP,52.10.183.132,123,172.16.42.226,46307,17,228
1669869831.974204,IP,172.16.42.226,33679,185.34.151.142,123,17,48
1669869832.137909,IP,185.34.151.142,123,172.16.42.226,33679,17,48
1669869832.333061,IP,162.159.134.234,443,172.16.42.226,60486,6,55
1669869832.507807,IP,172.16.42.226,60486,162.159.134.234,443,6,0
1669869833.238195,IP,172.16.42.226,53092,172.16.42.1,1471,6,1095
1669869833.23843,IP,172.16.42.1,1471,172.16.42.226,53092,6,0
1669869833.243449,IP,172.16.42.1,1471,172.16.42.226,53092,6,139
1669869833.244245,IP,172.16.42.226,53092,172.16.42.1,1471,6,0
1669869833.774694,IP,162.159.134.234,443,172.16.42.226,60486,6,370
1669869834.1454,IP,172.16.42.226,60486,162.159.134.234,443,6,0
1669869834.211795,IP,172.16.42.226,53092,172.16.42.1,1471,6,1270
1669869834.212028,IP,172.16.42.1,1471,172.16.42.226,53092,6,0
1669869834.509376,IP,172.16.42.1,1471,172.16.42.226,53092,6,208
1669869834.967914,IP,172.16.42.226,53092,172.16.42.1,1471,6,0
1669869834.991598,IP,172.16.42.226,53092,172.16.42.1,1471,6,1229
1669869834.991831,IP,172.16.42.1,1471,172.16.42.226,53092,6,0
1669869835.279481,IP,172.16.42.1,1471,172.16.42.226,53092,6,680
1669869835.870318,IP,172.16.42.1,1471,172.16.42.226,53092,6,680
1669869836.552017,IP,172.16.42.226,53092,172.16.42.1,1471,6,0
1669869836.878105,IP,162.159.134.234,443,172.16.42.226,60486,6,288
1669869836.927051,IP,172.16.42.226,60486,162.159.134.234,443,6,0
1669869838.149522,IP,172.16.42.226,53092,172.16.42.1,1471,6,1088
1669869838.149759,IP,172.16.42.1,1471,172.16.42.226,53092,6,0
1669869838.212596,IP,162.159.134.234,443,172.16.42.226,60486,6,329
1669869838.215067,IP,172.16.42.226,60486,162.159.134.234,443,6,0
1669869838.226088,IP,172.16.42.226,59718,172.16.42.1,1471,6,1095
1669869838.226376,IP,172.16.42.1,1471,172.16.42.226,59718,6,0
1669869838.226845,IP,172.16.42.226,37722,172.16.42.1,1471,6,1105
1669869838.227318,IP,172.16.42.1,1471,172.16.42.226,43124,6,0
1669869838.239206,IP,172.16.42.1,1471,172.16.42.226,37722,6,173
1669869838.24313,IP,172.16.42.1,1471,172.16.42.226,59718,6,139
1669869838.243501,IP,172.16.42.226,37722,172.16.42.1,1471,6,0
1669869838.243911,IP,172.16.42.226,59718,172.16.42.1,1471,6,0
1669869838.250285,IP,172.16.42.1,1471,172.16.42.226,53092,6,390
1669869838.25134,IP,172.16.42.226,53092,172.16.42.1,1471,6,0
1669869838.251341,IP,172.16.42.226,43124,172.16.42.1,1471,6,0
1669869838.251658,IP,172.16.42.1,1471,172.16.42.226,43124,6,0
1669869838.252076,IP,172.16.42.226,59718,172.16.42.1,1471,6,1088
1669869838.252281,IP,172.16.42.1,1471,172.16.42.226,59718,6,0
1669869838.329224,IP,172.16.42.1,1471,172.16.42.226,59718,6,390
1669869838.378291,IP,172.16.42.226,59718,172.16.42.1,1471,6,0
1669869838.505737,IP,172.16.42.226,45480,35.244.218.227,443,6,0
1669869838.526907,IP,35.244.218.227,443,172.16.42.226,45480,6,0
1669869839.217097,IP,172.16.42.226,59718,172.16.42.1,1471,6,1270
1669869839.217331,IP,172.16.42.1,1471,172.16.42.226,59718,6,0
1669869839.951826,IP,172.16.42.1,1471,172.16.42.226,59718,6,208
1669869840.290744,IP,172.16.42.226,59718,172.16.42.1,1471,6,0
1669869840.31102,IP,172.16.42.226,59718,172.16.42.1,1471,6,1229
1669869840.311258,IP,172.16.42.1,1471,172.16.42.226,59718,6,0
1669869840.51284,IP,162.159.134.234,443,172.16.42.226,60486,6,1441
1669869840.513497,IP,162.159.134.234,443,172.16.42.226,60486,6,1441
1669869840.513738,IP,162.159.134.234,443,172.16.42.226,60486,6,752
1669869840.516191,IP,172.16.42.226,60486,162.159.134.234,443,6,0
1669869840.541699,IP,162.159.134.234,443,172.16.42.226,60486,6,208
1669869840.545232,IP,172.16.42.226,60486,162.159.134.234,443,6,0
1669869840.62885,IP,172.16.42.1,1471,172.16.42.226,59718,6,725
1669869840.676334,IP,172.16.42.226,59718,172.16.42.1,1471,6,0
1669869842.324309,IP,162.159.134.234,443,172.16.42.226,60486,6,1441
1669869842.324891,IP,162.159.134.234,443,172.16.42.226,60486,6,514
1669869842.747501,IP,172.16.42.226,60486,162.159.134.234,443,6,0
1669869843.073691,IP,162.159.134.234,443,172.16.42.226,60486,6,332
1669869843.078453,IP,172.16.42.226,60486,162.159.134.234,443,6,0
1669869843.084711,IP,162.159.134.234,443,172.16.42.226,60486,6,50
1669869843.092855,IP,172.16.42.226,60486,162.159.134.234,443,6,0
1669869843.225866,IP,172.16.42.226,59718,172.16.42.1,1471,6,1095
1669869843.2261,IP,172.16.42.1,1471,172.16.42.226,59718,6,0
1669869843.231336,IP,172.16.42.1,1471,172.16.42.226,59718,6,139
1669869843.232138,IP,172.16.42.226,59718,172.16.42.1,1471,6,0
1669869843.32577,IP,99.83.183.187,443,172.16.42.215,38168,6,46
1669869843.329005,IP,172.16.42.215,38168,99.83.183.187,443,6,46
1669869843.40561,IP,99.83.183.187,443,172.16.42.215,38168,6,0
1669869843.897831,IP,172.16.42.226,39141,3.134.129.152,123,17,228
1669869843.959086,IP,3.134.129.152,123,172.16.42.226,39141,17,228
1669869844.145441,IP,162.159.134.234,443,172.16.42.226,60486,6,393
1669869844.206269,IP,172.16.42.226,59718,172.16.42.1,1471,6,1270
1669869844.206502,IP,172.16.42.1,1471,172.16.42.226,59718,6,0
1669869844.208038,IP,172.16.42.226,60486,162.159.134.234,443,6,0
1669869844.924124,IP,172.16.42.1,1471,172.16.42.226,59718,6,208
1669869845.409381,IP,172.16.42.226,59718,172.16.42.1,1471,6,0
1669869845.421174,IP,172.16.42.226,59718,172.16.42.1,1471,6,1229
1669869845.421411,IP,172.16.42.1,1471,172.16.42.226,59718,6,0
1669869845.711237,IP,172.16.42.1,1471,172.16.42.226,59718,6,770
1669869845.762682,IP,172.16.42.226,59718,172.16.42.1,1471,6,0
1669869846.410632,IP,172.16.42.226,34532,142.251.116.100,80,6,112
1669869846.44916,IP,142.251.116.100,80,172.16.42.226,34532,6,127
1669869846.452077,IP,172.16.42.226,34532,142.251.116.100,80,6,0
1669869847.921066,IP,162.159.134.234,443,172.16.42.226,60486,6,325
1669869848.144724,IP,172.16.42.226,59718,172.16.42.1,1471,6,1088
1669869848.144952,IP,172.16.42.1,1471,172.16.42.226,59718,6,0
1669869848.146213,IP,172.16.42.226,60486,162.159.134.234,443,6,0
1669869848.199792,IP,172.16.42.1,1471,172.16.42.226,59718,6,390
1669869848.200613,IP,172.16.42.226,59718,172.16.42.1,1471,6,0
1669869848.221862,IP,172.16.42.226,59718,172.16.42.1,1471,6,1095
1669869848.222095,IP,172.16.42.1,1471,172.16.42.226,59718,6,0
1669869848.225243,IP,172.16.42.1,1471,172.16.42.226,59718,6,139
1669869848.271985,IP,172.16.42.226,59718,172.16.42.1,1471,6,0
1669869848.444282,IP,172.16.42.226,50700,91.189.91.157,123,17,48
1669869848.531341,IP,91.189.91.157,123,172.16.42.226,50700,17,48
1669869849.196637,IP,172.16.42.226,59718,172.16.42.1,1471,6,1270
1669869849.242273,IP,172.16.42.1,1471,172.16.42.226,59718,6,0
1669869849.872589,IP,172.16.42.1,1471,172.16.42.226,59718,6,208
1669869850.445258,IP,172.16.42.226,59718,172.16.42.1,1471,6,0
1669869850.453112,IP,172.16.42.226,59718,172.16.42.1,1471,6,1229
1669869850.453339,IP,172.16.42.1,1471,172.16.42.226,59718,6,0
1669869850.743296,IP,172.16.42.1,1471,172.16.42.226,59718,6,815
1669869850.816137,IP,172.16.42.226,59718,172.16.42.1,1471,6,0
1669869851.008096,IP,172.16.42.226,34356,35.186.224.47,443,6,43
1669869851.014477,IP,35.186.224.47,443,172.16.42.226,34356,6,0
1669869851.059554,IP,35.186.224.47,443,172.16.42.226,34356,6,40
1669869851.097434,IP,172.16.42.226,34356,35.186.224.47,443,6,0
1669869851.524788,IP,162.159.134.234,443,172.16.42.226,60486,6,236
1669869852.082899,IP,172.16.42.226,60486,162.159.134.234,443,6,0
1669869852.085684,IP,162.159.134.234,443,172.16.42.226,60486,6,236
1669869852.092288,IP,172.16.42.226,60486,162.159.134.234,443,6,0
1669869853.232386,IP,172.16.42.226,59718,172.16.42.1,1471,6,1095
1669869853.232624,IP,172.16.42.1,1471,172.16.42.226,59718,6,0
1669869853.234564,IP,172.16.42.226,53092,172.16.42.1,1471,6,1088
1669869853.234816,IP,172.16.42.1,1471,172.16.42.226,53092,6,0
1669869853.243259,IP,172.16.42.1,1471,172.16.42.226,59718,6,139
1669869853.24406,IP,172.16.42.226,59718,172.16.42.1,1471,6,0
1669869853.325329,IP,172.16.42.1,1471,172.16.42.226,53092,6,390
1669869853.326998,IP,172.16.42.226,53092,172.16.42.1,1471,6,0
1669869853.342289,IP,172.16.42.1,1471,172.16.42.226,37722,6,0
1669869853.345203,IP,172.16.42.226,37722,172.16.42.1,1471,6,0
1669869853.610593,IP,172.16.42.226,45480,35.244.218.227,443,6,0
1669869853.623834,IP,35.244.218.227,443,172.16.42.226,45480,6,0
1669869853.860162,IP,172.16.42.226,60646,44.240.84.205,443,6,113
1669869853.860163,IP,172.16.42.226,60646,44.240.84.205,443,6,460
1669869853.900878,IP,44.240.84.205,443,172.16.42.226,60646,6,0
1669869853.901827,IP,44.240.84.205,443,172.16.42.226,60646,6,0
1669869853.902047,IP,44.240.84.205,443,172.16.42.226,60646,6,46
1669869853.912972,IP,44.240.84.205,443,172.16.42.226,60646,6,576
1669869853.913614,IP,44.240.84.205,443,172.16.42.226,60646,6,38
1669869853.914738,IP,172.16.42.226,60646,44.240.84.205,443,6,0
1669869853.917669,IP,172.16.42.226,60646,44.240.84.205,443,6,42
1669869854.004094,IP,44.240.84.205,443,172.16.42.226,60646,6,0
1669869854.208275,IP,172.16.42.226,53092,172.16.42.1,1471,6,1270
1669869854.208512,IP,172.16.42.1,1471,172.16.42.226,53092,6,0
1669869854.25845,IP,13.66.138.105,443,172.16.42.226,44720,6,0
1669869854.304154,IP,172.16.42.226,44720,13.66.138.105,443,6,0
1669869854.846897,IP,162.159.134.234,443,172.16.42.226,60486,6,182
1669869854.888185,IP,172.16.42.1,1471,172.16.42.226,53092,6,208
1669869855.220648,IP,162.159.134.234,443,172.16.42.226,60486,6,238
1669869855.253173,IP,172.16.42.226,60486,162.159.134.234,443,6,0
1669869855.253174,IP,172.16.42.226,60486,162.159.134.234,443,6,0
1669869855.253812,IP,172.16.42.226,53092,172.16.42.1,1471,6,0
1669869855.26129,IP,172.16.42.226,53092,172.16.42.1,1471,6,1229
1669869855.261524,IP,172.16.42.1,1471,172.16.42.226,53092,6,0
1669869855.581362,IP,172.16.42.1,1471,172.16.42.226,53092,6,860
1669869856.110268,IP,172.16.42.226,53092,172.16.42.1,1471,6,0
1669869857.971208,IP,172.16.42.226,60486,162.159.134.234,443,6,54
1669869857.988743,IP,162.159.134.234,443,172.16.42.226,60486,6,0
1669869858.058738,IP,162.159.134.234,443,172.16.42.226,60486,6,46
1669869858.059519,IP,172.16.42.226,60486,162.159.134.234,443,6,0
1669869858.076358,IP,162.159.134.234,443,172.16.42.226,60486,6,1441
1669869858.077025,IP,162.159.134.234,443,172.16.42.226,60486,6,1003
1669869858.078939,IP,172.16.42.226,60486,162.159.134.234,443,6,0
1669869858.157073,IP,172.16.42.226,53092,172.16.42.1,1471,6,1088
1669869858.15731,IP,172.16.42.1,1471,172.16.42.226,53092,6,0
1669869858.219621,IP,172.16.42.226,59718,172.16.42.1,1471,6,1095
1669869858.219914,IP,172.16.42.1,1471,172.16.42.226,59718,6,0
1669869858.22963,IP,172.16.42.1,1471,172.16.42.226,59718,6,139
1669869858.230384,IP,172.16.42.226,59718,172.16.42.1,1471,6,0
1669869858.269373,IP,172.16.42.1,1471,172.16.42.226,53092,6,390
1669869858.273036,IP,172.16.42.226,53092,172.16.42.1,1471,6,0
1669869859.204527,IP,172.16.42.226,53092,172.16.42.1,1471,6,1270
1669869859.204764,IP,172.16.42.1,1471,172.16.42.226,53092,6,0
1669869859.905282,IP,172.16.42.1,1471,172.16.42.226,53092,6,208
1669869860.361953,IP,172.16.42.226,53092,172.16.42.1,1471,6,0
1669869860.37696,IP,172.16.42.226,53092,172.16.42.1,1471,6,1229
1669869860.377272,IP,172.16.42.1,1471,172.16.42.226,53092,6,0
1669869860.640428,IP,172.16.42.1,1471,172.16.42.226,53092,6,905
1669869860.691497,IP,172.16.42.226,53092,172.16.42.1,1471,6,0
1669869860.711851,IP,162.159.134.234,443,172.16.42.226,60486,6,85
1669869860.750003,IP,172.16.42.226,60486,162.159.134.234,443,6,0
1669869861.990768,IP,162.159.134.234,443,172.16.42.226,60486,6,228
1669869862.409268,IP,172.16.42.226,60486,162.159.134.234,443,6,0
1669869863.229674,IP,172.16.42.226,53092,172.16.42.1,1471,6,1095
1669869863.229907,IP,172.16.42.1,1471,172.16.42.226,53092,6,0
1669869863.237431,IP,172.16.42.1,1471,172.16.42.226,53092,6,139
1669869863.238211,IP,172.16.42.226,53092,172.16.42.1,1471,6,0
1669869863.282514,IP,162.159.134.234,443,172.16.42.226,60486,6,359
1669869863.283663,IP,172.16.42.226,60486,162.159.134.234,443,6,0
1669869864.212946,IP,172.16.42.226,53092,172.16.42.1,1471,6,1270
1669869864.21318,IP,172.16.42.1,1471,172.16.42.226,53092,6,0
1669869864.896421,IP,172.16.42.1,1471,172.16.42.226,53092,6,208
1669869865.390682,IP,172.16.42.226,53092,172.16.42.1,1471,6,0
1669869865.409646,IP,172.16.42.226,53092,172.16.42.1,1471,6,1229
1669869865.409886,IP,172.16.42.1,1471,172.16.42.226,53092,6,0
1669869865.464993,IP,162.159.134.234,443,172.16.42.226,60486,6,291
1669869865.465788,IP,172.16.42.226,60486,162.159.134.234,443,6,0
1669869865.487675,IP,162.159.134.234,443,172.16.42.226,60486,6,47
1669869865.718757,IP,172.16.42.1,1471,172.16.42.226,53092,6,950
1669869865.948269,IP,172.16.42.226,53816,13.226.237.184,443,6,0
1669869865.94827,IP,172.16.42.226,38806,40.64.128.224,443,6,0
1669869865.948916,IP,172.16.42.226,60486,162.159.134.234,443,6,0
1669869865.962258,IP,13.226.237.184,443,172.16.42.226,53816,6,0
1669869865.992501,IP,40.64.128.224,443,172.16.42.226,38806,6,0
1669869866.043497,IP,172.16.42.226,53092,172.16.42.1,1471,6,0
1669869866.62073,IP,162.159.134.234,443,172.16.42.226,60486,6,71
1669869867.231466,IP,172.16.42.226,60486,162.159.134.234,443,6,0
1669869868.162969,IP,172.16.42.226,53092,172.16.42.1,1471,6,1088
1669869868.163187,IP,172.16.42.1,1471,172.16.42.226,53092,6,0
1669869868.219037,IP,172.16.42.226,59718,172.16.42.1,1471,6,1095
1669869868.219256,IP,172.16.42.1,1471,172.16.42.226,59718,6,0
1669869868.223844,IP,172.16.42.1,1471,172.16.42.226,59718,6,139
1669869868.224623,IP,172.16.42.226,59718,172.16.42.1,1471,6,0
1669869868.244887,IP,172.16.42.1,1471,172.16.42.226,53092,6,390
1669869868.24566,IP,172.16.42.226,53092,172.16.42.1,1471,6,0
1669869868.246227,IP,172.16.42.226,59718,172.16.42.1,1471,6,1088
1669869868.298325,IP,172.16.42.1,1471,172.16.42.226,59718,6,0
1669869868.3417,IP,172.16.42.1,1471,172.16.42.226,59718,6,390
1669869868.398355,IP,172.16.42.226,59718,172.16.42.1,1471,6,0
1669869868.446281,IP,172.16.42.1,1471,172.16.42.226,37722,6,0
1669869868.447793,IP,172.16.42.226,37722,172.16.42.1,1471,6,0
1669869868.709709,IP,172.16.42.226,45480,35.244.218.227,443,6,0
1669869868.722319,IP,35.244.218.227,443,172.16.42.226,45480,6,0
1669869869.193332,IP,172.16.42.226,59718,172.16.42.1,1471,6,1270
1669869869.193568,IP,172.16.42.1,1471,172.16.42.226,59718,6,0
1669869869.915817,IP,172.16.42.1,1471,172.16.42.226,59718,6,208
1669869870.096276,IP,162.159.134.234,443,172.16.42.226,60486,6,118
1669869870.397835,IP,172.16.42.226,59718,172.16.42.1,1471,6,0
1669869870.397837,IP,172.16.42.226,60486,162.159.134.234,443,6,0
1669869870.41644,IP,172.16.42.226,59718,172.16.42.1,1471,6,1229
1669869870.416713,IP,172.16.42.1,1471,172.16.42.226,59718,6,0
1669869870.732142,IP,172.16.42.1,1471,172.16.42.226,59718,6,995
1669869871.256049,IP,172.16.42.226,59718,172.16.42.1,1471,6,0
1669869871.375127,IP,162.159.134.234,443,172.16.42.226,60486,6,266
1669869871.419107,IP,172.16.42.226,60486,162.159.134.234,443,6,0
1669869873.227524,IP,172.16.42.226,59718,172.16.42.1,1471,6,1095
1669869873.227758,IP,172.16.42.1,1471,172.16.42.226,59718,6,0
1669869873.233218,IP,172.16.42.1,1471,172.16.42.226,59718,6,139
1669869873.233947,IP,172.16.42.226,59718,172.16.42.1,1471,6,0
1669869873.327405,IP,99.83.183.187,443,172.16.42.215,38168,6,46
1669869873.336436,IP,172.16.42.215,38168,99.83.183.187,443,6,46
1669869873.411412,IP,99.83.183.187,443,172.16.42.215,38168,6,0
1669869874.085996,IP,162.159.134.234,443,172.16.42.226,60486,6,323
1669869874.204606,IP,172.16.42.226,59718,172.16.42.1,1471,6,1270
1669869874.20484,IP,172.16.42.1,1471,172.16.42.226,59718,6,0
1669869874.206055,IP,172.16.42.226,60486,162.159.134.234,443,6,0
1669869874.821658,IP,172.16.42.215,39705,3.221.46.196,443,6,33
1669869874.887809,IP,3.221.46.196,443,172.16.42.215,39705,6,31
1669869874.889076,IP,172.16.42.215,39705,3.221.46.196,443,6,0
1669869874.912433,IP,172.16.42.1,1471,172.16.42.226,59718,6,208
1669869875.310314,IP,172.16.42.226,59718,172.16.42.1,1471,6,0
1669869875.324626,IP,172.16.42.226,59718,172.16.42.1,1471,6,1229
1669869875.324854,IP,172.16.42.1,1471,172.16.42.226,59718,6,0
1669869875.618713,IP,172.16.42.1,1471,172.16.42.226,59718,6,1040
1669869876.180797,IP,172.16.42.226,59718,172.16.42.1,1471,6,0
1669869876.324036,IP,162.159.134.234,443,172.16.42.226,60486,6,194
1669869876.334479,IP,172.16.42.226,60486,162.159.134.234,443,6,0
1669869876.510191,IP,162.159.134.234,443,172.16.42.226,60486,6,102
1669869876.948982,IP,172.16.42.226,60486,162.159.134.234,443,6,0
1669869878.158766,IP,172.16.42.226,59718,172.16.42.1,1471,6,1088
1669869878.159,IP,172.16.42.1,1471,172.16.42.226,59718,6,0
1669869878.180177,IP,172.16.42.226,34532,142.251.116.100,80,6,0
1669869878.222038,IP,142.251.116.100,80,172.16.42.226,34532,6,0
1669869878.223936,IP,172.16.42.226,53092,172.16.42.1,1471,6,1095
1669869878.224155,IP,172.16.42.1,1471,172.16.42.226,53092,6,0
1669869878.235853,IP,172.16.42.1,1471,172.16.42.226,53092,6,139
1669869878.24082,IP,172.16.42.226,53092,172.16.42.1,1471,6,0
1669869878.30507,IP,172.16.42.1,1471,172.16.42.226,59718,6,390
1669869878.307886,IP,172.16.42.226,59718,172.16.42.1,1471,6,0
1669869878.405154,IP,162.159.134.234,443,172.16.42.226,60486,6,129
1669869878.406092,IP,172.16.42.226,60486,162.159.134.234,443,6,0
1669869878.605989,IP,162.159.134.234,443,172.16.42.226,60486,6,1441
1669869878.606777,IP,162.159.134.234,443,172.16.42.226,60486,6,1441
1669869878.607339,IP,162.159.134.234,443,172.16.42.226,60486,6,540
1669869879.006746,IP,162.159.134.234,443,172.16.42.226,60486,6,540
1669869879.009535,IP,172.16.42.226,60486,162.159.134.234,443,6,0
1669869879.010013,IP,172.16.42.226,60486,162.159.134.234,443,6,0
1669869879.218854,IP,172.16.42.226,59718,172.16.42.1,1471,6,1270
1669869879.219118,IP,172.16.42.1,1471,172.16.42.226,59718,6,0
1669869879.670056,IP,162.159.134.234,443,172.16.42.226,60486,6,160
1669869879.691999,IP,162.159.134.234,443,172.16.42.226,60486,6,241
1669869879.767447,IP,162.159.134.234,443,172.16.42.226,60486,6,1441
1669869879.76794,IP,162.159.134.234,443,172.16.42.226,60486,6,567
1669869879.844337,IP,172.16.42.1,1471,172.16.42.226,59718,6,208
1669869880.021196,IP,172.16.42.226,60486,162.159.134.234,443,6,0
1669869880.021197,IP,172.16.42.226,59718,172.16.42.1,1471,6,0
1669869880.021197,IP,172.16.42.226,60486,162.159.134.234,443,6,0
1669869880.02228,IP,172.16.42.226,60486,162.159.134.234,443,6,0
1669869880.042537,IP,172.16.42.226,59718,172.16.42.1,1471,6,1229
1669869880.042774,IP,172.16.42.1,1471,172.16.42.226,59718,6,0
1669869880.380817,IP,172.16.42.1,1471,172.16.42.226,59718,6,1085
1669869880.814318,IP,172.16.42.226,59718,172.16.42.1,1471,6,0
1669869881.005696,IP,172.16.42.226,34356,35.186.224.47,443,6,43
1669869881.023537,IP,35.186.224.47,443,172.16.42.226,34356,6,0
1669869881.03762,IP,162.159.134.234,443,172.16.42.226,60486,6,131
1669869881.040585,IP,172.16.42.226,60486,162.159.134.234,443,6,0
1669869881.068674,IP,35.186.224.47,443,172.16.42.226,34356,6,40
1669869881.085674,IP,162.159.134.234,443,172.16.42.226,60486,6,293
1669869881.140862,IP,172.16.42.226,41618,172.16.42.1,53,17,32
1669869881.142559,IP,172.16.42.226,60486,162.159.134.234,443,6,0
1669869881.142561,IP,172.16.42.226,34356,35.186.224.47,443,6,0
1669869881.163665,IP,172.16.42.1,53,172.16.42.226,41618,17,96
1669869881.168013,IP,172.16.42.226,57236,13.226.228.9,80,6,0
1669869881.176168,IP,13.226.228.9,80,172.16.42.226,57236,6,0
1669869881.178978,IP,172.16.42.226,57236,13.226.228.9,80,6,0
1669869881.179403,IP,172.16.42.226,57236,13.226.228.9,80,6,72
1669869881.197167,IP,13.226.228.9,80,172.16.42.226,57236,6,0
1669869881.197602,IP,13.226.228.9,80,172.16.42.226,57236,6,362
1669869881.197809,IP,13.226.228.9,80,172.16.42.226,57236,6,0
1669869881.198957,IP,172.16.42.226,57236,13.226.228.9,80,6,0
1669869881.199344,IP,172.16.42.226,57236,13.226.228.9,80,6,0
1669869881.20761,IP,13.226.228.9,80,172.16.42.226,57236,6,0
1669869881.886026,IP,162.159.134.234,443,172.16.42.226,60486,6,360
1669869882.385556,IP,172.16.42.226,60486,162.159.134.234,443,6,0
1669869883.228687,IP,172.16.42.226,59718,172.16.42.1,1471,6,1095
1669869883.228923,IP,172.16.42.1,1471,172.16.42.226,59718,6,0
1669869883.232934,IP,172.16.42.1,1471,172.16.42.226,59718,6,139
1669869883.234658,IP,172.16.42.226,53092,172.16.42.1,1471,6,1088
1669869883.235129,IP,172.16.42.226,59718,172.16.42.1,1471,6,0
1669869883.278308,IP,172.16.42.1,1471,172.16.42.226,53092,6,0
1669869883.304117,IP,172.16.42.226,37722,172.16.42.1,1471,6,0
1669869883.304312,IP,172.16.42.1,1471,172.16.42.226,37722,6,0
1669869883.307898,IP,172.16.42.1,1471,172.16.42.226,53092,6,390
1669869883.308749,IP,172.16.42.226,53092,172.16.42.1,1471,6,0
1669869883.550293,IP,172.16.42.1,1471,172.16.42.226,37722,6,0
1669869883.816828,IP,172.16.42.226,45480,35.244.218.227,443,6,0
1669869883.818766,IP,172.16.42.226,37722,172.16.42.1,1471,6,0
1669869883.840168,IP,35.244.218.227,443,172.16.42.226,45480,6,0
1669869883.92907,IP,172.16.42.226,60646,44.240.84.205,443,6,113
1669869883.929461,IP,172.16.42.226,60646,44.240.84.205,443,6,460
1669869883.971546,IP,44.240.84.205,443,172.16.42.226,60646,6,0
1669869883.978773,IP,44.240.84.205,443,172.16.42.226,60646,6,0
1669869883.979025,IP,44.240.84.205,443,172.16.42.226,60646,6,46
1669869883.992196,IP,44.240.84.205,443,172.16.42.226,60646,6,576
1669869883.992791,IP,44.240.84.205,443,172.16.42.226,60646,6,38
1669869883.993181,IP,162.159.134.234,443,172.16.42.226,60486,6,399
1669869883.994298,IP,172.16.42.226,60486,162.159.134.234,443,6,0
1669869883.994774,IP,172.16.42.226,60646,44.240.84.205,443,6,0
1669869883.998005,IP,172.16.42.226,60646,44.240.84.205,443,6,42
1669869884.083981,IP,44.240.84.205,443,172.16.42.226,60646,6,0
1669869884.202695,IP,172.16.42.226,53092,172.16.42.1,1471,6,1270
1669869884.202929,IP,172.16.42.1,1471,172.16.42.226,53092,6,0
1669869884.48717,IP,162.159.134.234,443,172.16.42.226,60486,6,80
1669869884.508619,IP,172.16.42.1,1471,172.16.42.226,53092,6,208
1669869884.936084,IP,172.16.42.226,53092,172.16.42.1,1471,6,0
1669869884.936084,IP,172.16.42.226,60486,162.159.134.234,443,6,0
1669869884.943585,IP,172.16.42.226,53092,172.16.42.1,1471,6,1229
1669869884.943843,IP,172.16.42.1,1471,172.16.42.226,53092,6,0
1669869885.220825,IP,172.16.42.1,1471,172.16.42.226,53092,6,1130
1669869885.270982,IP,172.16.42.226,53092,172.16.42.1,1471,6,0
1669869886.579411,IP,162.159.134.234,443,172.16.42.226,60486,6,337
1669869886.984308,IP,172.16.42.226,60486,162.159.134.234,443,6,0
1669869888.163545,IP,172.16.42.226,53092,172.16.42.1,1471,6,1088
1669869888.163769,IP,172.16.42.1,1471,172.16.42.226,53092,6,0
1669869888.230022,IP,172.16.42.226,59718,172.16.42.1,1471,6,1095
1669869888.230325,IP,172.16.42.1,1471,172.16.42.226,59718,6,0
1669869888.236172,IP,172.16.42.1,1471,172.16.42.226,59718,6,139
1669869888.24068,IP,172.16.42.226,59718,172.16.42.1,1471,6,0
1669869888.244092,IP,172.16.42.1,1471,172.16.42.226,53092,6,390
1669869888.251276,IP,172.16.42.226,53092,172.16.42.1,1471,6,0
1669869888.525457,IP,162.159.134.234,443,172.16.42.226,60486,6,255
1669869889.032034,IP,172.16.42.226,60486,162.159.134.234,443,6,0
1669869889.218594,IP,172.16.42.226,53092,172.16.42.1,1471,6,1270
1669869889.218831,IP,172.16.42.1,1471,172.16.42.226,53092,6,0
1669869889.959661,IP,172.16.42.1,1471,172.16.42.226,53092,6,208
1669869890.429652,IP,162.159.134.234,443,172.16.42.226,60486,6,191
1669869890.46574,IP,172.16.42.226,60486,162.159.134.234,443,6,0
1669869890.465742,IP,172.16.42.226,53092,172.16.42.1,1471,6,0
1669869890.473147,IP,172.16.42.226,53092,172.16.42.1,1471,6,1229
1669869890.473377,IP,172.16.42.1,1471,172.16.42.226,53092,6,0
1669869890.744128,IP,172.16.42.1,1471,172.16.42.226,53092,6,1176
1669869890.790054,IP,172.16.42.226,53092,172.16.42.1,1471,6,0
1669869890.892487,IP,162.159.134.234,443,172.16.42.226,60486,6,425
1669869891.387204,IP,172.16.42.226,60486,162.159.134.234,443,6,0
1669869893.202915,IP,162.159.134.234,443,172.16.42.226,60486,6,94
1669869893.221834,IP,172.16.42.226,53092,172.16.42.1,1471,6,1095
1669869893.222069,IP,172.16.42.1,1471,172.16.42.226,53092,6,0
1669869893.223417,IP,172.16.42.226,60486,162.159.134.234,443,6,0
1669869893.227509,IP,172.16.42.1,1471,172.16.42.226,53092,6,139
1669869893.228561,IP,172.16.42.226,53092,172.16.42.1,1471,6,0
1669869893.788941,IP,162.159.134.234,443,172.16.42.226,60486,6,512
1669869894.151934,IP,172.16.42.226,60486,162.159.134.234,443,6,0
1669869894.207242,IP,172.16.42.226,53092,172.16.42.1,1471,6,1270
1669869894.207481,IP,172.16.42.1,1471,172.16.42.226,53092,6,0
1669869894.850676,IP,162.159.134.234,443,172.16.42.226,60486,6,224
1669869894.852458,IP,172.16.42.226,60486,162.159.134.234,443,6,0
1669869894.990918,IP,172.16.42.1,1471,172.16.42.226,53092,6,208
1669869895.35823,IP,172.16.42.226,57111,172.16.42.1,53,17,29
1669869895.360056,IP,172.16.42.226,53092,172.16.42.1,1471,6,0
1669869895.368784,IP,172.16.42.226,53092,172.16.42.1,1471,6,1229
1669869895.369017,IP,172.16.42.1,1471,172.16.42.226,53092,6,0
1669869895.371049,IP,172.16.42.1,53,172.16.42.226,57111,17,109
1669869895.372486,IP,172.16.42.226,35049,162.159.135.232,443,17,1350
1669869895.372943,IP,172.16.42.226,35049,162.159.135.232,443,17,80
1669869895.372944,IP,172.16.42.226,35049,162.159.135.232,443,17,903
1669869895.38434,IP,162.159.135.232,443,172.16.42.226,35049,17,1200
1669869895.384769,IP,162.159.135.232,443,172.16.42.226,35049,17,53
1669869895.384952,IP,162.159.135.232,443,172.16.42.226,35049,17,24
1669869895.385107,IP,162.159.135.232,443,172.16.42.226,35049,17,24
1669869895.385261,IP,162.159.135.232,443,172.16.42.226,35049,17,49
1669869895.501841,IP,172.16.42.226,35049,162.159.135.232,443,17,1350
1669869895.502532,IP,172.16.42.226,35049,162.159.135.232,443,17,90
1669869895.502942,IP,172.16.42.226,35049,162.159.135.232,443,17,45
1669869895.502944,IP,172.16.42.226,35049,162.159.135.232,443,17,45
1669869895.502944,IP,172.16.42.226,35049,162.159.135.232,443,17,47
1669869895.509621,IP,162.159.135.232,443,172.16.42.226,35049,17,73
1669869895.510225,IP,162.159.135.232,443,172.16.42.226,35049,17,28
1669869895.511226,IP,172.16.42.226,35049,162.159.135.232,443,17,45
1669869895.518877,IP,162.159.135.232,443,172.16.42.226,35049,17,736
1669869895.573644,IP,172.16.42.226,35049,162.159.135.232,443,17,45
1669869895.687464,IP,172.16.42.1,1471,172.16.42.226,53092,6,1221
1669869895.762014,IP,172.16.42.226,53092,172.16.42.1,1471,6,0
1669869896.013785,IP,172.16.42.226,40695,172.16.42.1,53,17,45
1669869896.025955,IP,172.16.42.1,53,172.16.42.226,40695,17,125
1669869896.030707,IP,172.16.42.226,60392,162.159.130.232,443,6,0
1669869896.040529,IP,162.159.130.232,443,172.16.42.226,60392,6,0
1669869896.138633,IP,172.16.42.226,60392,162.159.130.232,443,6,0
1669869896.138634,IP,172.16.42.226,60392,162.159.130.232,443,6,568
1669869896.147827,IP,162.159.130.232,443,172.16.42.226,60392,6,0
1669869896.149275,IP,162.159.130.232,443,172.16.42.226,60392,6,212
1669869896.150194,IP,172.16.42.226,60392,162.159.130.232,443,6,0
1669869896.152271,IP,172.16.42.226,60392,162.159.130.232,443,6,64
1669869896.152711,IP,172.16.42.226,60392,162.159.130.232,443,6,92
1669869896.152712,IP,172.16.42.226,60392,162.159.130.232,443,6,419
1669869896.163672,IP,162.159.130.232,443,172.16.42.226,60392,6,512
1669869896.164247,IP,162.159.130.232,443,172.16.42.226,60392,6,31
1669869896.165612,IP,172.16.42.226,60392,162.159.130.232,443,6,0
1669869896.166005,IP,172.16.42.226,60392,162.159.130.232,443,6,31
1669869896.173979,IP,162.159.130.232,443,172.16.42.226,60392,6,0
1669869896.187706,IP,162.159.130.232,443,172.16.42.226,60392,6,1391
1669869896.188331,IP,162.159.130.232,443,172.16.42.226,60392,6,1391
1669869896.188858,IP,162.159.130.232,443,172.16.42.226,60392,6,1391
1669869896.189128,IP,162.159.130.232,443,172.16.42.226,60392,6,1391
1669869896.189439,IP,162.159.130.232,443,172.16.42.226,60392,6,1391
1669869896.189733,IP,162.159.130.232,443,172.16.42.226,60392,6,1391
1669869896.190494,IP,162.159.130.232,443,172.16.42.226,60392,6,1448
1669869896.19069,IP,162.159.130.232,443,172.16.42.226,60392,6,1334
1669869896.19109,IP,162.159.130.232,443,172.16.42.226,60392,6,1391
1669869896.191715,IP,162.159.130.232,443,172.16.42.226,60392,6,1448
1669869896.192305,IP,162.159.130.232,443,172.16.42.226,60392,6,1334
1669869896.194462,IP,162.159.130.232,443,172.16.42.226,60392,6,1448
1669869896.195532,IP,172.16.42.226,35049,162.159.135.232,443,17,963
1669869896.195533,IP,172.16.42.226,60392,162.159.130.232,443,6,0
1669869896.196806,IP,162.159.130.232,443,172.16.42.226,60392,6,1448
1669869896.242272,IP,172.16.42.226,60392,162.159.130.232,443,6,0
1669869896.310409,IP,162.159.130.232,443,172.16.42.226,60392,6,1448
1669869896.310641,IP,162.159.130.232,443,172.16.42.226,60392,6,1448
1669869896.310809,IP,162.159.130.232,443,172.16.42.226,60392,6,1448
1669869896.310971,IP,162.159.130.232,443,172.16.42.226,60392,6,1448
1669869896.31112,IP,162.159.130.232,443,172.16.42.226,60392,6,1448
1669869896.311269,IP,162.159.130.232,443,172.16.42.226,60392,6,1448
1669869896.311439,IP,162.159.130.232,443,172.16.42.226,60392,6,1448
1669869896.311599,IP,162.159.130.232,443,172.16.42.226,60392,6,1448
1669869896.311755,IP,162.159.130.232,443,172.16.42.226,60392,6,1448
1669869896.311907,IP,162.159.135.232,443,172.16.42.226,35049,17,24
1669869896.312038,IP,162.159.130.232,443,172.16.42.226,60392,6,1448
1669869896.312189,IP,162.159.130.232,443,172.16.42.226,60392,6,1448
1669869896.312355,IP,162.159.130.232,443,172.16.42.226,60392,6,1448
1669869896.312511,IP,162.159.130.232,443,172.16.42.226,60392,6,1448
1669869896.312666,IP,162.159.130.232,443,172.16.42.226,60392,6,1448
1669869896.312825,IP,162.159.130.232,443,172.16.42.226,60392,6,1448
1669869896.312976,IP,162.159.130.232,443,172.16.42.226,60392,6,1448
1669869896.313128,IP,162.159.130.232,443,172.16.42.226,60392,6,1448
1669869896.313292,IP,162.159.130.232,443,172.16.42.226,60392,6,1448
1669869896.313446,IP,162.159.130.232,443,172.16.42.226,60392,6,1448
1669869896.313603,IP,162.159.130.232,443,172.16.42.226,60392,6,1448
1669869896.313756,IP,162.159.130.232,443,172.16.42.226,60392,6,1448
1669869896.314,IP,162.159.130.232,443,172.16.42.226,60392,6,1448
1669869896.314285,IP,162.159.130.232,443,172.16.42.226,60392,6,1448
1669869896.314533,IP,162.159.130.232,443,172.16.42.226,60392,6,1448
1669869896.314701,IP,162.159.130.232,443,172.16.42.226,60392,6,1448
1669869896.314862,IP,162.159.130.232,443,172.16.42.226,60392,6,1448
1669869896.315023,IP,162.159.130.232,443,172.16.42.226,60392,6,1448
1669869896.315182,IP,162.159.130.232,443,172.16.42.226,60392,6,1448
1669869896.315343,IP,162.159.130.232,443,172.16.42.226,60392,6,1448
1669869896.315508,IP,162.159.130.232,443,172.16.42.226,60392,6,1448
1669869896.315668,IP,162.159.130.232,443,172.16.42.226,60392,6,1448
1669869896.315847,IP,162.159.130.232,443,172.16.42.226,60392,6,1448
1669869896.316006,IP,162.159.130.232,443,172.16.42.226,60392,6,1448
1669869896.316163,IP,162.159.135.232,443,172.16.42.226,35049,17,496
1669869896.316396,IP,162.159.134.234,443,172.16.42.226,60486,6,78
1669869896.3423,IP,172.16.42.226,35049,162.159.135.232,443,17,1344
1669869896.342302,IP,172.16.42.226,35049,162.159.135.232,443,17,1350
1669869896.342302,IP,172.16.42.226,35049,162.159.135.232,443,17,599
1669869896.35163,IP,162.159.135.232,443,172.16.42.226,35049,17,23
1669869896.354962,IP,172.16.42.226,60486,162.159.134.234,443,6,0
1669869896.354963,IP,172.16.42.226,60392,162.159.130.232,443,6,0
1669869896.354964,IP,172.16.42.226,60392,162.159.130.232,443,6,0
1669869896.354964,IP,172.16.42.226,60392,162.159.130.232,443,6,0
1669869896.354964,IP,172.16.42.226,60392,162.159.130.232,443,6,0
1669869896.356487,IP,172.16.42.226,60392,162.159.130.232,443,6,0
1669869896.358411,IP,172.16.42.226,35049,162.159.135.232,443,17,1344
1669869896.358412,IP,172.16.42.226,35049,162.159.135.232,443,17,504
1669869896.370093,IP,162.159.130.232,443,172.16.42.226,60392,6,1448
1669869896.376167,IP,162.159.130.232,443,172.16.42.226,60392,6,1448
1669869896.376336,IP,162.159.130.232,443,172.16.42.226,60392,6,1448
1669869896.376418,IP,162.159.130.232,443,172.16.42.226,60392,6,1448
1669869896.376489,IP,162.159.130.232,443,172.16.42.226,60392,6,1448
1669869896.377137,IP,162.159.130.232,443,172.16.42.226,60392,6,1448
1669869896.377304,IP,162.159.135.232,443,172.16.42.226,35049,17,23
1669869896.377549,IP,162.159.130.232,443,172.16.42.226,60392,6,1448
1669869896.377807,IP,162.159.130.232,443,172.16.42.226,60392,6,1448
1669869896.378835,IP,162.159.130.232,443,172.16.42.226,60392,6,1448
1669869896.379174,IP,162.159.130.232,443,172.16.42.226,60392,6,1448
1669869896.37928,IP,162.159.130.232,443,172.16.42.226,60392,6,1448
1669869896.379347,IP,162.159.130.232,443,172.16.42.226,60392,6,416
1669869896.395595,IP,172.16.42.226,60392,162.159.130.232,443,6,0
1669869896.395985,IP,172.16.42.226,60392,162.159.130.232,443,6,0
1669869896.395986,IP,172.16.42.226,60392,162.159.130.232,443,6,0
1669869896.405127,IP,162.159.130.232,443,172.16.42.226,60392,6,1448
1669869896.405662,IP,162.159.130.232,443,172.16.42.226,60392,6,1448
1669869896.405915,IP,162.159.130.232,443,172.16.42.226,60392,6,1448
1669869896.406609,IP,162.159.130.232,443,172.16.42.226,60392,6,1448
1669869896.411125,IP,162.159.130.232,443,172.16.42.226,60392,6,1448
1669869896.411383,IP,162.159.130.232,443,172.16.42.226,60392,6,1448
1669869896.411705,IP,162.159.130.232,443,172.16.42.226,60392,6,1448
1669869896.412601,IP,162.159.130.232,443,172.16.42.226,60392,6,1448
1669869896.412822,IP,162.159.130.232,443,172.16.42.226,60392,6,1448
1669869896.413247,IP,162.159.130.232,443,172.16.42.226,60392,6,1448
1669869896.435249,IP,162.159.130.232,443,172.16.42.226,60392,6,1448
1669869896.439259,IP,172.16.42.226,60392,162.159.130.232,443,6,0
1669869896.43926,IP,172.16.42.226,60392,162.159.130.232,443,6,0
1669869896.439946,IP,172.16.42.226,60392,162.159.130.232,443,6,0
1669869896.439948,IP,172.16.42.226,60392,162.159.130.232,443,6,0
1669869896.439948,IP,172.16.42.226,60392,162.159.130.232,443,6,0
1669869896.441084,IP,162.159.130.232,443,172.16.42.226,60392,6,1448
1669869896.443553,IP,162.159.130.232,443,172.16.42.226,60392,6,1448
1669869896.444359,IP,162.159.130.232,443,172.16.42.226,60392,6,1448
1669869896.444636,IP,162.159.130.232,443,172.16.42.226,60392,6,1448
1669869896.444895,IP,162.159.130.232,443,172.16.42.226,60392,6,1448
1669869896.445532,IP,162.159.130.232,443,172.16.42.226,60392,6,1448
1669869896.445766,IP,162.159.130.232,443,172.16.42.226,60392,6,1448
1669869896.447248,IP,172.16.42.226,60392,162.159.130.232,443,6,0
1669869896.448243,IP,172.16.42.226,60392,162.159.130.232,443,6,0
1669869896.448243,IP,172.16.42.226,60392,162.159.130.232,443,6,0
1669869896.448243,IP,172.16.42.226,60392,162.159.130.232,443,6,0
1669869896.450976,IP,162.159.130.232,443,172.16.42.226,60392,6,1448
1669869896.451115,IP,162.159.130.232,443,172.16.42.226,60392,6,1448
1669869896.451192,IP,162.159.130.232,443,172.16.42.226,60392,6,1448
1669869896.451258,IP,162.159.130.232,443,172.16.42.226,60392,6,1448
1669869896.451384,IP,162.159.130.232,443,172.16.42.226,60392,6,1448
1669869896.45147,IP,162.159.130.232,443,172.16.42.226,60392,6,1448
1669869896.451563,IP,162.159.130.232,443,172.16.42.226,60392,6,1448
1669869896.451636,IP,162.159.130.232,443,172.16.42.226,60392,6,1448
1669869896.451725,IP,162.159.130.232,443,172.16.42.226,60392,6,1448
1669869896.451822,IP,162.159.130.232,443,172.16.42.226,60392,6,1448
1669869896.451893,IP,162.159.135.232,443,172.16.42.226,35049,17,485
1669869896.451947,IP,162.159.130.232,443,172.16.42.226,60392,6,1448
1669869896.452055,IP,162.159.130.232,443,172.16.42.226,60392,6,1448
1669869896.452986,IP,162.159.130.232,443,172.16.42.226,60392,6,1448
1669869896.453233,IP,162.159.130.232,443,172.16.42.226,60392,6,1448
1669869896.453453,IP,162.159.130.232,443,172.16.42.226,60392,6,1448
1669869896.453747,IP,162.159.130.232,443,172.16.42.226,60392,6,1448
1669869896.453926,IP,162.159.130.232,443,172.16.42.226,60392,6,1448
1669869896.454098,IP,162.159.135.232,443,172.16.42.226,35049,17,485
1669869896.460391,IP,172.16.42.226,60392,162.159.130.232,443,6,0
1669869896.46085,IP,172.16.42.226,60392,162.159.130.232,443,6,0
1669869896.471417,IP,162.159.130.232,443,172.16.42.226,60392,6,1448
1669869896.478376,IP,162.159.130.232,443,172.16.42.226,60392,6,1448
1669869896.479098,IP,162.159.130.232,443,172.16.42.226,60392,6,1448
1669869896.479393,IP,162.159.130.232,443,172.16.42.226,60392,6,1448
1669869896.47999,IP,162.159.130.232,443,172.16.42.226,60392,6,1448
1669869896.480241,IP,162.159.130.232,443,172.16.42.226,60392,6,1448
1669869896.480961,IP,162.159.130.232,443,172.16.42.226,60392,6,1448
1669869896.481257,IP,162.159.130.232,443,172.16.42.226,60392,6,1448
1669869896.481676,IP,162.159.130.232,443,172.16.42.226,60392,6,1448
1669869896.481912,IP,162.159.130.232,443,172.16.42.226,60392,6,1448
1669869896.482326,IP,162.159.130.232,443,172.16.42.226,60392,6,1448
1669869896.482549,IP,162.159.130.232,443,172.16.42.226,60392,6,1448
1669869896.482849,IP,162.159.130.232,443,172.16.42.226,60392,6,1448
1669869896.485072,IP,162.159.130.232,443,172.16.42.226,60392,6,1448
1669869896.485675,IP,162.159.130.232,443,172.16.42.226,60392,6,1448
1669869896.486348,IP,162.159.130.232,443,172.16.42.226,60392,6,1448
1669869896.486646,IP,162.159.130.232,443,172.16.42.226,60392,6,1448
1669869896.493697,IP,172.16.42.226,60392,162.159.130.232,443,6,0
1669869896.493698,IP,172.16.42.226,60392,162.159.130.232,443,6,0
1669869896.493698,IP,172.16.42.226,35049,162.159.135.232,443,17,45
1669869896.493699,IP,172.16.42.226,60392,162.159.130.232,443,6,0
1669869896.493699,IP,172.16.42.226,60392,162.159.130.232,443,6,0
1669869896.493699,IP,172.16.42.226,60392,162.159.130.232,443,6,0
1669869896.493699,IP,172.16.42.226,60392,162.159.130.232,443,6,0
1669869896.497867,IP,172.16.42.226,60392,162.159.130.232,443,6,0
1669869896.497867,IP,172.16.42.226,60392,162.159.130.232,443,6,0
1669869896.497868,IP,172.16.42.226,60392,162.159.130.232,443,6,0
1669869896.499213,IP,162.159.130.232,443,172.16.42.226,60392,6,1448
1669869896.49985,IP,172.16.42.226,60392,162.159.130.232,443,6,0
1669869896.501464,IP,172.16.42.226,60392,162.159.130.232,443,6,0
1669869896.506321,IP,162.159.130.232,443,172.16.42.226,60392,6,1448
1669869896.512505,IP,162.159.130.232,443,172.16.42.226,60392,6,1448
1669869896.512657,IP,162.159.130.232,443,172.16.42.226,60392,6,1448
1669869896.513997,IP,162.159.130.232,443,172.16.42.226,60392,6,1448
1669869896.514769,IP,162.159.130.232,443,172.16.42.226,60392,6,1448
1669869896.515077,IP,162.159.130.232,443,172.16.42.226,60392,6,1448
1669869896.515367,IP,162.159.130.232,443,172.16.42.226,60392,6,1448
1669869896.516016,IP,162.159.130.232,443,172.16.42.226,60392,6,1448
1669869896.516302,IP,162.159.130.232,443,172.16.42.226,60392,6,1448
1669869896.516561,IP,162.159.130.232,443,172.16.42.226,60392,6,1448
1669869896.516802,IP,162.159.130.232,443,172.16.42.226,60392,6,1448
1669869896.517449,IP,162.159.130.232,443,172.16.42.226,60392,6,1448
1669869896.517663,IP,162.159.130.232,443,172.16.42.226,60392,6,1448
1669869896.517846,IP,162.159.130.232,443,172.16.42.226,60392,6,1448
1669869896.518027,IP,162.159.130.232,443,172.16.42.226,60392,6,1448
1669869896.518321,IP,162.159.130.232,443,172.16.42.226,60392,6,1448
1669869896.518651,IP,162.159.130.232,443,172.16.42.226,60392,6,1448
1669869896.526062,IP,162.159.130.232,443,172.16.42.226,60392,6,1448
1669869896.52691,IP,162.159.130.232,443,172.16.42.226,60392,6,1448
1669869896.527214,IP,162.159.130.232,443,172.16.42.226,60392,6,1448
1669869896.527455,IP,162.159.130.232,443,172.16.42.226,60392,6,1448
1669869896.528139,IP,162.159.130.232,443,172.16.42.226,60392,6,1448
1669869896.528473,IP,162.159.130.232,443,172.16.42.226,60392,6,1448
1669869896.528776,IP,162.159.130.232,443,172.16.42.226,60392,6,1448
1669869896.529007,IP,162.159.130.232,443,172.16.42.226,60392,6,1448
1669869896.529475,IP,162.159.130.232,443,172.16.42.226,60392,6,1448
1669869896.529725,IP,162.159.130.232,443,172.16.42.226,60392,6,1448
1669869896.529951,IP,162.159.130.232,443,172.16.42.226,60392,6,1448
1669869896.53021,IP,162.159.130.232,443,172.16.42.226,60392,6,1448
1669869896.530479,IP,162.159.130.232,443,172.16.42.226,60392,6,1448
1669869896.531573,IP,162.159.130.232,443,172.16.42.226,60392,6,1448
1669869896.531846,IP,162.159.130.232,443,172.16.42.226,60392,6,1448
1669869896.538789,IP,172.16.42.226,60392,162.159.130.232,443,6,0
1669869896.53879,IP,172.16.42.226,60392,162.159.130.232,443,6,0
1669869896.53879,IP,172.16.42.226,60392,162.159.130.232,443,6,0
1669869896.538791,IP,172.16.42.226,60392,162.159.130.232,443,6,0
1669869896.541578,IP,172.16.42.226,60392,162.159.130.232,443,6,0
1669869896.541578,IP,172.16.42.226,60392,162.159.130.232,443,6,0
1669869896.541579,IP,172.16.42.226,60392,162.159.130.232,443,6,0
1669869896.541579,IP,172.16.42.226,60392,162.159.130.232,443,6,0
1669869896.5467,IP,162.159.130.232,443,172.16.42.226,60392,6,1448
1669869896.547363,IP,162.159.130.232,443,172.16.42.226,60392,6,1448
1669869896.547689,IP,162.159.130.232,443,172.16.42.226,60392,6,1448
1669869896.548338,IP,162.159.130.232,443,172.16.42.226,60392,6,1448
1669869896.548727,IP,162.159.130.232,443,172.16.42.226,60392,6,1448
1669869896.549324,IP,162.159.130.232,443,172.16.42.226,60392,6,1448
1669869896.549695,IP,162.159.130.232,443,172.16.42.226,60392,6,1448
1669869896.550523,IP,162.159.130.232,443,172.16.42.226,60392,6,1448
1669869896.550962,IP,162.159.130.232,443,172.16.42.226,60392,6,1448
1669869896.551347,IP,162.159.130.232,443,172.16.42.226,60392,6,1448
1669869896.551815,IP,162.159.130.232,443,172.16.42.226,60392,6,1448
1669869896.552198,IP,162.159.130.232,443,172.16.42.226,60392,6,1448
1669869896.552715,IP,162.159.130.232,443,172.16.42.226,60392,6,1448
1669869896.553409,IP,162.159.130.232,443,172.16.42.226,60392,6,1448
1669869896.554619,IP,162.159.130.232,443,172.16.42.226,60392,6,1448
1669869896.55487,IP,162.159.130.232,443,172.16.42.226,60392,6,1448
1669869896.558994,IP,162.159.130.232,443,172.16.42.226,60392,6,1448
1669869896.560631,IP,162.159.130.232,443,172.16.42.226,60392,6,1448
1669869896.560927,IP,162.159.130.232,443,172.16.42.226,60392,6,1448
1669869896.56119,IP,162.159.130.232,443,172.16.42.226,60392,6,1448
1669869896.561461,IP,162.159.130.232,443,172.16.42.226,60392,6,1448
1669869896.561734,IP,162.159.130.232,443,172.16.42.226,60392,6,1448
1669869896.561994,IP,162.159.130.232,443,172.16.42.226,60392,6,1448
1669869896.562347,IP,162.159.130.232,443,172.16.42.226,60392,6,1448
1669869896.56315,IP,162.159.130.232,443,172.16.42.226,60392,6,1448
1669869896.563436,IP,162.159.130.232,443,172.16.42.226,60392,6,1448
1669869896.563826,IP,162.159.130.232,443,172.16.42.226,60392,6,1448
1669869896.564208,IP,162.159.130.232,443,172.16.42.226,60392,6,1448
1669869896.564553,IP,162.159.130.232,443,172.16.42.226,60392,6,1448
1669869896.565105,IP,162.159.130.232,443,172.16.42.226,60392,6,1448
1669869896.565312,IP,162.159.130.232,443,172.16.42.226,60392,6,1448
1669869896.565502,IP,162.159.130.232,443,172.16.42.226,60392,6,1448
1669869896.565687,IP,162.159.130.232,443,172.16.42.226,60392,6,1448
1669869896.565873,IP,162.159.130.232,443,172.16.42.226,60392,6,1448
1669869896.566266,IP,162.159.130.232,443,172.16.42.226,60392,6,1448
1669869896.581307,IP,172.16.42.226,60392,162.159.130.232,443,6,0
1669869896.581309,IP,172.16.42.226,60392,162.159.130.232,443,6,0
1669869896.581309,IP,172.16.42.226,60392,162.159.130.232,443,6,0
1669869896.581309,IP,172.16.42.226,60392,162.159.130.232,443,6,0
1669869896.58131,IP,172.16.42.226,60392,162.159.130.232,443,6,0
1669869896.58131,IP,172.16.42.226,60392,162.159.130.232,443,6,0
1669869896.58131,IP,172.16.42.226,60392,162.159.130.232,443,6,0
1669869896.591228,IP,162.159.130.232,443,172.16.42.226,60392,6,1448
1669869896.591841,IP,172.16.42.226,60392,162.159.130.232,443,6,0
1669869896.591841,IP,172.16.42.226,60392,162.159.130.232,443,6,0
1669869896.591842,IP,172.16.42.226,60392,162.159.130.232,443,6,0
1669869896.593096,IP,162.159.130.232,443,172.16.42.226,60392,6,1448
1669869896.59334,IP,162.159.130.232,443,172.16.42.226,60392,6,1448
1669869896.594248,IP,172.16.42.226,60392,162.159.130.232,443,6,0
1669869896.595324,IP,162.159.130.232,443,172.16.42.226,60392,6,1448
1669869896.595644,IP,162.159.130.232,443,172.16.42.226,60392,6,1448
1669869896.59574,IP,162.159.130.232,443,172.16.42.226,60392,6,118
1669869896.596974,IP,172.16.42.226,60392,162.159.130.232,443,6,0
1669869896.598199,IP,172.16.42.226,60392,162.159.130.232,443,6,0
1669869896.600228,IP,162.159.130.232,443,172.16.42.226,60392,6,1448
1669869896.601309,IP,172.16.42.226,60392,162.159.130.232,443,6,0
1669869898.119445,IP,162.159.134.234,443,172.16.42.226,60486,6,82
1669869898.14136,IP,172.16.42.226,53092,172.16.42.1,1471,6,1088
1669869898.141589,IP,172.16.42.1,1471,172.16.42.226,53092,6,0
1669869898.149892,IP,172.16.42.226,60486,162.159.134.234,443,6,0
1669869898.219564,IP,172.16.42.1,1471,172.16.42.226,53092,6,390
1669869898.220731,IP,172.16.42.226,59718,172.16.42.1,1471,6,1095
1669869898.223178,IP,172.16.42.226,53092,172.16.42.1,1471,6,0
1669869898.223457,IP,172.16.42.226,37722,172.16.42.1,1471,6,1088
1669869898.223458,IP,172.16.42.226,57130,172.16.42.1,1471,6,0
1669869898.223806,IP,172.16.42.1,1471,172.16.42.226,57130,6,0
1669869898.226613,IP,172.16.42.1,1471,172.16.42.226,59718,6,139
1669869898.227009,IP,172.16.42.226,53092,172.16.42.1,1471,6,1105
1669869898.227212,IP,172.16.42.1,1471,172.16.42.226,53092,6,0
1669869898.22701,IP,172.16.42.226,57130,172.16.42.1,1471,6,0
1669869898.227752,IP,172.16.42.226,59718,172.16.42.1,1471,6,0
1669869898.243137,IP,172.16.42.1,1471,172.16.42.226,53092,6,173
1669869898.266305,IP,172.16.42.1,1471,172.16.42.226,37722,6,0
1669869898.289069,IP,172.16.42.226,53092,172.16.42.1,1471,6,0
1669869898.321205,IP,172.16.42.1,1471,172.16.42.226,37722,6,390
1669869898.323608,IP,172.16.42.226,37722,172.16.42.1,1471,6,0
1669869898.495355,IP,172.16.42.226,35049,162.159.135.232,443,17,1344
1669869898.495356,IP,172.16.42.226,35049,162.159.135.232,443,17,619
1669869898.507384,IP,162.159.135.232,443,172.16.42.226,35049,17,23
1669869898.590811,IP,162.159.135.232,443,172.16.42.226,35049,17,482
1669869898.623339,IP,172.16.42.226,35049,162.159.135.232,443,17,45
1669869898.917715,IP,172.16.42.226,45480,35.244.218.227,443,6,0
1669869898.93647,IP,35.244.218.227,443,172.16.42.226,45480,6,0
1669869899.188616,IP,172.16.42.226,37722,172.16.42.1,1471,6,1270
1669869899.188855,IP,172.16.42.1,1471,172.16.42.226,37722,6,0
1669869899.221265,IP,172.16.42.226,60486,162.159.134.234,443,6,54
1669869899.236326,IP,162.159.134.234,443,172.16.42.226,60486,6,0
1669869899.30228,IP,162.159.134.234,443,172.16.42.226,60486,6,46
1669869899.312968,IP,172.16.42.226,60486,162.159.134.234,443,6,0
1669869899.921896,IP,172.16.42.1,1471,172.16.42.226,37722,6,208
1669869900.295899,IP,172.16.42.226,37722,172.16.42.1,1471,6,0
1669869900.306409,IP,172.16.42.226,37722,172.16.42.1,1471,6,1229
1669869900.306645,IP,172.16.42.1,1471,172.16.42.226,37722,6,0
1669869900.635272,IP,172.16.42.1,1471,172.16.42.226,37722,6,1269
